{
    "fov": 0.08726646259971647,
    "overlap_ns": 0.04363323129985824,
    "overlap_ew": 0.017453292519943295,
    "tilt": 0.0,
    "dec_lim_north": 1.5707963267948966,
    "dec_lim_south": 0.0,
    "gal_lat_lim": 0.5235987755982988,
    "gal_lat_lim_strict": true
}