{
    "fov": 0.17453292519943295,
    "overlap_ns": 0.03490658503988659,
    "overlap_ew": 0.03490658503988659,
    "tilt": 0,
    "dec_lim_north": 1.5707963267948966,
    "dec_lim_south": -1.5707963267948966,
    "gal_lat_lim": 0.5235987755982988,
    "gal_lat_lim_strict": true
}