{
    "circle_radius": 148.49242404917499,
    "circle_offset": 15,
    "field_size": 180,
    "cam_size": [
        6.4,
        4.75
    ],
    "guide_area": [
        [
            90,
            -55
        ],
        [
            125,
            -55
        ],
        [
            125,
            60
        ],
        [
            60,
            125
        ],
        [
            -55,
            125
        ],
        [
            -55,
            90
        ],
        [
            90,
            90
        ]
    ],
    "home_pos": [
        125,
        125
    ],
    "instr_rot": 0,
    "limit": 4.3478260869565215,
    "scale": 6.690428799311598e-05,
    "scale_xy": 14946.725090369298,
    "n_min": 2,
    "n_max": 3
}