{
    "guide_radius": 1350.0,
    "field_size": 1800,
    "cam_size": [
        72,
        36
    ],
    "home_pos": 0.0,
    "limit": 0,
    "scale": 4.84813681109536e-06,
    "scale_rot": 57.29577951308232,
    "n_min": 2,
    "n_max": 3
}